# Helpdesk Information
INSERT INTO HelpdeskInfo(category, helpdesk_email) VALUES 
    ('regular', 'servicedesk1@company.com'),
	('premium', 'servicedesk2@company.com');
    
# Users
INSERT INTO User(username, email, password, name, address, phone_number, category) VALUES
('user1', 'user1@email.com', 'password1', 'John Doe', '서울특별시 강남구 도곡동 123번지', '010-1111-2222', 'regular'),
('user2', 'user2@email.com', 'password2', 'Jane Smith', '서울특별시 서초구 양재동 456번지', '010-2222-3333', 'premium'),
('user3', 'user3@email.com', 'password3', 'Bob Johnson', '서울특별시 송파구 잠실동 789번지', '010-3333-4444', 'regular'),
('user4', 'user4@email.com', 'password4', 'Alice Brown', '서울특별시 강북구 미아동 101번지', '010-4444-5555', 'premium'),
('user5', 'user5@email.com', 'password5', 'Charlie Davis', '서울특별시 강서구 화곡동 202번지', '010-5555-6666', 'regular'),
('user6', 'user6@email.com', 'password6', 'Diana White', '서울특별시 중랑구 면목동 303번지', '010-6666-7777', 'premium'),
('user7', 'user7@email.com', 'password7', 'Edward Miller', '서울특별시 강동구 천호동 404번지', '010-7777-8888', 'regular'),
('user8', 'user8@email.com', 'password8', 'Fiona Wilson', '서울특별시 강남구 삼성동 505번지', '010-8888-9999', 'premium'),
('user9', 'user9@email.com', 'password9', 'George Taylor', '서울특별시 서대문구 홍제동 606번지', '010-9999-0000', 'regular'),
('user10', 'user10@email.com', 'password10', 'Helen Adams', '서울특별시 강서구 방화동 707번지', '010-0000-1111', 'premium'),
('user11', 'user11@email.com', 'password11', 'Ella Lee', '서울특별시 강남구 역삼동 1111번지', '010-1111-2222', 'regular'),
('user12', 'user12@email.com', 'password12', 'Benjamin Kim', '서울특별시 송파구 거여동 1222번지', '010-2222-3333', 'premium'),
('user13', 'user13@email.com', 'password13', 'Mia Park', '서울특별시 강서구 방화동 1333번지', '010-3333-4444', 'regular'),
('user14', 'user14@email.com', 'password14', 'Sebastian Choi', '서울특별시 강북구 미아동 1444번지', '010-4444-5555', 'premium'),
('user15', 'user15@email.com', 'password15', 'Amelia Kang', '서울특별시 중랑구 면목동 1555번지', '010-5555-6666', 'regular'),
('user16', 'user16@email.com', 'password16', 'Henry Ryu', '서울특별시 강동구 천호동 1666번지', '010-6666-7777', 'premium'),
('user17', 'user17@email.com', 'password17', 'Evelyn Park', '서울특별시 강남구 삼성동 1777번지', '010-7777-8888', 'regular'),
('user18', 'user18@email.com', 'password18', 'Matthew Kim', '서울특별시 강서구 화곡동 1888번지', '010-8888-9999', 'premium'),
('user19', 'user19@email.com', 'password19', 'Stella Lee', '서울특별시 서대문구 홍제동 1999번지', '010-9999-0000', 'regular'),
('user20', 'user20@email.com', 'password20', 'Leo Park', '서울특별시 강동구 강일동 2010번지', '010-0000-1111', 'premium'),
('user21', 'user21@email.com', 'password21', 'Chloe Kim', '서울특별시 강북구 수유동 2111번지', '010-1111-2222', 'regular'),
('user22', 'user22@email.com', 'password22', 'James Lee', '서울특별시 송파구 잠실동 2222번지', '010-2222-3333', 'premium'),
('user23', 'user23@email.com', 'password23', 'Lily Park', '서울특별시 강서구 마곡동 2333번지', '010-3333-4444', 'regular'),
('user24', 'user24@email.com', 'password24', 'Daniel Kim', '서울특별시 강남구 대치동 2444번지', '010-4444-5555', 'premium'),
('user25', 'user25@email.com', 'password25', 'Avery Lee', '서울특별시 강동구 상일동 2555번지', '010-5555-6666', 'regular'),
('user26', 'user26@email.com', 'password26', 'Jackson Park', '서울특별시 중랑구 면목동 2666번지', '010-6666-7777', 'premium'),
('user27', 'user27@email.com', 'password27', 'Scarlett Kim', '서울특별시 강남구 압구정동 2777번지', '010-7777-8888', 'regular'),
('user28', 'user28@email.com', 'password28', 'Logan Lee', '서울특별시 강서구 등촌동 2888번지', '010-8888-9999', 'premium'),
('user29', 'user29@email.com', 'password29', 'Zoe Park', '서울특별시 서대문구 연희동 2999번지', '010-9999-0000', 'regular'),
('user30', 'user30@email.com', 'password30', 'Carter Kim', '서울특별시 강동구 천호동 3010번지', '010-0000-1111', 'premium'),
('user31', 'user31@email.com', 'password31', 'Madison Lee', '서울특별시 강북구 미아동 3111번지', '010-1111-2222', 'regular'),
('user32', 'user32@email.com', 'password32', 'Lucas Park', '서울특별시 송파구 가락동 3222번지', '010-2222-3333', 'premium'),
('user33', 'user33@email.com', 'password33', 'Aria Kim', '서울특별시 강서구 등촌동 3333번지', '010-3333-4444', 'regular'),
('user34', 'user34@email.com', 'password34', 'Jack Lee', '서울특별시 강남구 신사동 3444번지', '010-4444-5555', 'premium'),
('user35', 'user35@email.com', 'password35', 'Hazel Park', '서울특별시 중랑구 망우동 3555번지', '010-5555-6666', 'regular'),
('user36', 'user36@email.com', 'password36', 'Elijah Kim', '서울특별시 강동구 상일동 3666번지', '010-6666-7777', 'premium'),
('user37', 'user37@email.com', 'password37', 'Luna Lee', '서울특별시 강남구 역삼동 3777번지', '010-7777-8888', 'regular'),
('user38', 'user38@email.com', 'password38', 'Oliver Park', '서울특별시 강서구 마곡동 3888번지', '010-8888-9999', 'premium'),
('user39', 'user39@email.com', 'password39', 'Layla Kim', '서울특별시 서대문구 홍제동 3999번지', '010-9999-0000', 'regular'),
('user40', 'user40@email.com', 'password40', 'Jacob Lee', '서울특별시 강동구 강일동 4010번지', '010-0000-1111', 'premium');

# Banks
INSERT INTO Bank(bank_code, bank) VALUES
('01', 'KB국민은행'),
('02', '우리은행'),
('03', 'IBK기업은행'),
('04', 'NH농협은행'),
('05', '한국씨티은행'),
('06', '신한은행'),
('07', 'SC제일은행'),
('08', '대구은행'),
('09', '부산은행'),
('10', '광주은행'),
('11', '제주은행'),
('12', '전북은행'),
('13', '경남은행'),
('14', '새마을금고'),
('15', '신협'),
('16', '상호저축은행'),
('17', '한국씨티은행'),
('18', '수협은행'),
('19', '카카오뱅크'),
('20', '케이뱅크');

# Credit Cards
INSERT INTO CreditCard(bank_code, expire_date, user_id) VALUES
('01', '2025-01-14', 1),
('05', '2027-03-08', 1),
('09', '2026-05-22', 2),
('11', '2025-07-16', 2),
('13', '2027-09-10', 3),
('19', '2025-01-14', 4),
('11', '2025-07-16', 5),
('15', '2027-09-10', 6),
('11', '2027-03-08', 13),
('13', '2026-05-22', 14),
('15', '2025-07-16', 14),
('17', '2027-09-10', 15),
('19', '2026-11-04', 15),
('02', '2025-01-14', 16),
('04', '2027-03-08', 16),
('08', '2025-07-16', 17),
('10', '2027-09-10', 18),
('12', '2026-11-04', 18),
('14', '2025-01-14', 19),
('16', '2027-03-22', 19),
('13', '2027-09-10', 24),
('15', '2026-11-04', 24),
('17', '2025-01-14', 25),
('19', '2027-03-22', 25),
('02', '2026-05-22', 26),
('04', '2025-07-16', 26),
('06', '2027-09-10', 27),
('08', '2026-11-04', 27),
('19', '2025-07-16', 35),
('02', '2027-09-10', 36),
('04', '2026-11-04', 36),
('06', '2025-01-14', 37);

# Shops
INSERT INTO Shop(name) VALUES
('shop1'),
('shop2'),
('shop3'),
('shop4'),
('shop5');

# Product Types
INSERT INTO ProductType(description, parent_id) VALUES
('Electronics', NULL),
('Laptops', 1),
('Smartphones', 1),
('Headphones', 1),
('Clothing', NULL),
('Men''s Clothing', 5),
('Women''s Clothing', 5),
('Footwear', 5),
('Books', NULL),
('Fiction', 9),
('Non-Fiction', 9),
('Science Fiction', 10),
('Mystery', 11),
('History', 11),
('Home and Kitchen', NULL),
('Appliances', 15),
('Cookware', 15),
('Furniture', 15),
('Toys and Games', NULL),
('Board Games', 19),
('Outdoor Toys', 19),
('Action Figures', 19),
('Sports and Outdoors', NULL),
('Outdoor Recreation', 23),
('Athletic Clothing', 23),
('Exercise Equipment', 23),
('Beauty and Personal Care', NULL),
('Skincare', 27),
('Haircare', 27),
('Makeup', 27);


# Products
INSERT INTO Product(name, color, size, price, description, shop_id, product_type) VALUES
('Laptop X1', 'Silver', '15 inches', 1540000, 'Powerful laptop with high-performance features', 1, 2),
('Smartphone S1', 'Black', '6.2 inches', 780000, 'Latest smartphone with advanced features', 1, 3),
('Wireless Headphones H2', 'Blue', NULL, 175000, 'Bluetooth headphones with noise cancellation', 1, 4),
('Men''s T-Shirt', 'Red', 'Medium', 32000, 'Comfortable cotton t-shirt for men', 2, 6),
('Women''s Dress', 'Yellow', 'Small', 56000, 'Elegant dress for women for any occasion', 2, 7),
('Running Shoes', 'White', '9', 88000, 'Lightweight and comfortable shoes for running', 2, 8),
('Science Fiction Book', NULL, NULL, 24900, 'Exciting science fiction novel by author XYZ', 3, 12),
('Cookware Set', 'Stainless Steel', NULL, 163000, 'High-quality cookware set for your kitchen', 3, 17),
('Board Game: Mystery Mansion', 'Multicolor', NULL, 44000, 'Engaging mystery board game for the whole family', 4, 20),
('Outdoor Sports Backpack', 'Green', 'Large', 54000, 'Durable backpack for outdoor activities', 4, 26),
('Skincare Set', NULL, NULL, 66000, 'Complete skincare set for a radiant complexion', 5, 28),
('Exercise Bike', 'Black', NULL, 299000, 'Indoor exercise bike for a great workout', 5, 26);

# Photos
INSERT INTO Photo(id, photo, product_id) VALUES
    (1, 'Laptop photo1', 1),
    (2, 'Laptop photo2', 1),
    (3, 'Smartphone photo1', 2);
    
    
    
# Restrictions
INSERT INTO Restriction(restricted_shop,product_type) VALUES
    (1,'Running Shoes'),
    (2,'Smartphone S1'),
    (3,'Skincare Set');

    
# OrderTable 
INSERT INTO OrderTable (date, status, user_id) VALUES
('2023-12-01 08:00:00','processing', 1),
('2023-12-02 10:30:00','completed', 2),
('2023-12-03 15:45:00','cancelled', 3);

# Shipment 
INSERT INTO Shipment (tracking_number, date) VALUES
(123456789, '2023-12-01 08:00:00'),
(987654321, '2023-12-02 10:30:00'),
(555555555, '2023-12-03 15:45:00');

# OrderItem 
INSERT INTO OrderItem (seq_id, order_id, product_id, shipment_id, unit_price, quantity, status) VALUES
(1, 1, 1, 1, 50, 2, 'processing'),
(2, 2, 2, 2, 75, 3, 'shipped'),
(3, 3, 3, 3, 100, 1, 'out of stock');

# Invoice 
INSERT INTO Invoice (status, date, order_id) VALUES
('issued', '2023-12-01 08:00:00', 1),
('paid', '2023-12-02 10:30:00', 2),
('issued', '2023-12-03 15:45:00', 3);

# PaymentMethod 
INSERT INTO PaymentMethod (method, transaction_fee) VALUES
('Credit Card', 0.02),
('PayPal', 0.03),
('Bank Transfer', 0.01);

# PaymentID 
INSERT INTO PaymentID (date, amount, invoice_number, creditcard_number, method) VALUES
('2023-11-01 08:00:00', 100, 1, '1', 'Credit Card'),
('2023-11-02 10:30:00', 150, 2, '2', 'PayPal'),
('2023-11-03 15:45:00', 120, 3, '3', 'Bank Transfer');

    

